scorer,DLC_dlcrnetms5_ml_comparison_4.5Mar14shuffle1_200000,DLC_dlcrnetms5_ml_comparison_4.5Mar14shuffle1_200000,DLC_dlcrnetms5_ml_comparison_4.5Mar14shuffle1_200000,DLC_dlcrnetms5_ml_comparison_4.5Mar14shuffle1_200000,DLC_dlcrnetms5_ml_comparison_4.5Mar14shuffle1_200000,DLC_dlcrnetms5_ml_comparison_4.5Mar14shuffle1_200000,DLC_dlcrnetms5_ml_comparison_4.5Mar14shuffle1_200000,DLC_dlcrnetms5_ml_comparison_4.5Mar14shuffle1_200000,DLC_dlcrnetms5_ml_comparison_4.5Mar14shuffle1_200000,DLC_dlcrnetms5_ml_comparison_4.5Mar14shuffle1_200000,DLC_dlcrnetms5_ml_comparison_4.5Mar14shuffle1_200000,DLC_dlcrnetms5_ml_comparison_4.5Mar14shuffle1_200000,DLC_dlcrnetms5_ml_comparison_4.5Mar14shuffle1_200000,DLC_dlcrnetms5_ml_comparison_4.5Mar14shuffle1_200000,DLC_dlcrnetms5_ml_comparison_4.5Mar14shuffle1_200000,DLC_dlcrnetms5_ml_comparison_4.5Mar14shuffle1_200000,DLC_dlcrnetms5_ml_comparison_4.5Mar14shuffle1_200000,DLC_dlcrnetms5_ml_comparison_4.5Mar14shuffle1_200000,DLC_dlcrnetms5_ml_comparison_4.5Mar14shuffle1_200000,DLC_dlcrnetms5_ml_comparison_4.5Mar14shuffle1_200000,DLC_dlcrnetms5_ml_comparison_4.5Mar14shuffle1_200000,DLC_dlcrnetms5_ml_comparison_4.5Mar14shuffle1_200000,DLC_dlcrnetms5_ml_comparison_4.5Mar14shuffle1_200000,DLC_dlcrnetms5_ml_comparison_4.5Mar14shuffle1_200000,DLC_dlcrnetms5_ml_comparison_4.5Mar14shuffle1_200000,DLC_dlcrnetms5_ml_comparison_4.5Mar14shuffle1_200000,DLC_dlcrnetms5_ml_comparison_4.5Mar14shuffle1_200000,DLC_dlcrnetms5_ml_comparison_4.5Mar14shuffle1_200000,DLC_dlcrnetms5_ml_comparison_4.5Mar14shuffle1_200000,DLC_dlcrnetms5_ml_comparison_4.5Mar14shuffle1_200000,DLC_dlcrnetms5_ml_comparison_4.5Mar14shuffle1_200000,DLC_dlcrnetms5_ml_comparison_4.5Mar14shuffle1_200000,DLC_dlcrnetms5_ml_comparison_4.5Mar14shuffle1_200000,DLC_dlcrnetms5_ml_comparison_4.5Mar14shuffle1_200000,DLC_dlcrnetms5_ml_comparison_4.5Mar14shuffle1_200000,DLC_dlcrnetms5_ml_comparison_4.5Mar14shuffle1_200000,DLC_dlcrnetms5_ml_comparison_4.5Mar14shuffle1_200000,DLC_dlcrnetms5_ml_comparison_4.5Mar14shuffle1_200000,DLC_dlcrnetms5_ml_comparison_4.5Mar14shuffle1_200000,DLC_dlcrnetms5_ml_comparison_4.5Mar14shuffle1_200000,DLC_dlcrnetms5_ml_comparison_4.5Mar14shuffle1_200000,DLC_dlcrnetms5_ml_comparison_4.5Mar14shuffle1_200000,DLC_dlcrnetms5_ml_comparison_4.5Mar14shuffle1_200000,DLC_dlcrnetms5_ml_comparison_4.5Mar14shuffle1_200000,DLC_dlcrnetms5_ml_comparison_4.5Mar14shuffle1_200000,DLC_dlcrnetms5_ml_comparison_4.5Mar14shuffle1_200000,DLC_dlcrnetms5_ml_comparison_4.5Mar14shuffle1_200000,DLC_dlcrnetms5_ml_comparison_4.5Mar14shuffle1_200000,DLC_dlcrnetms5_ml_comparison_4.5Mar14shuffle1_200000,DLC_dlcrnetms5_ml_comparison_4.5Mar14shuffle1_200000,DLC_dlcrnetms5_ml_comparison_4.5Mar14shuffle1_200000,DLC_dlcrnetms5_ml_comparison_4.5Mar14shuffle1_200000,DLC_dlcrnetms5_ml_comparison_4.5Mar14shuffle1_200000,DLC_dlcrnetms5_ml_comparison_4.5Mar14shuffle1_200000,DLC_dlcrnetms5_ml_comparison_4.5Mar14shuffle1_200000,DLC_dlcrnetms5_ml_comparison_4.5Mar14shuffle1_200000,DLC_dlcrnetms5_ml_comparison_4.5Mar14shuffle1_200000,DLC_dlcrnetms5_ml_comparison_4.5Mar14shuffle1_200000,DLC_dlcrnetms5_ml_comparison_4.5Mar14shuffle1_200000,DLC_dlcrnetms5_ml_comparison_4.5Mar14shuffle1_200000,DLC_dlcrnetms5_ml_comparison_4.5Mar14shuffle1_200000,DLC_dlcrnetms5_ml_comparison_4.5Mar14shuffle1_200000,DLC_dlcrnetms5_ml_comparison_4.5Mar14shuffle1_200000,DLC_dlcrnetms5_ml_comparison_4.5Mar14shuffle1_200000,DLC_dlcrnetms5_ml_comparison_4.5Mar14shuffle1_200000,DLC_dlcrnetms5_ml_comparison_4.5Mar14shuffle1_200000,DLC_dlcrnetms5_ml_comparison_4.5Mar14shuffle1_200000,DLC_dlcrnetms5_ml_comparison_4.5Mar14shuffle1_200000,DLC_dlcrnetms5_ml_comparison_4.5Mar14shuffle1_200000,DLC_dlcrnetms5_ml_comparison_4.5Mar14shuffle1_200000,DLC_dlcrnetms5_ml_comparison_4.5Mar14shuffle1_200000,DLC_dlcrnetms5_ml_comparison_4.5Mar14shuffle1_200000,DLC_dlcrnetms5_ml_comparison_4.5Mar14shuffle1_200000,DLC_dlcrnetms5_ml_comparison_4.5Mar14shuffle1_200000,DLC_dlcrnetms5_ml_comparison_4.5Mar14shuffle1_200000,DLC_dlcrnetms5_ml_comparison_4.5Mar14shuffle1_200000,DLC_dlcrnetms5_ml_comparison_4.5Mar14shuffle1_200000,DLC_dlcrnetms5_ml_comparison_4.5Mar14shuffle1_200000,DLC_dlcrnetms5_ml_comparison_4.5Mar14shuffle1_200000,DLC_dlcrnetms5_ml_comparison_4.5Mar14shuffle1_200000,DLC_dlcrnetms5_ml_comparison_4.5Mar14shuffle1_200000,DLC_dlcrnetms5_ml_comparison_4.5Mar14shuffle1_200000,DLC_dlcrnetms5_ml_comparison_4.5Mar14shuffle1_200000,DLC_dlcrnetms5_ml_comparison_4.5Mar14shuffle1_200000,DLC_dlcrnetms5_ml_comparison_4.5Mar14shuffle1_200000,DLC_dlcrnetms5_ml_comparison_4.5Mar14shuffle1_200000,DLC_dlcrnetms5_ml_comparison_4.5Mar14shuffle1_200000,DLC_dlcrnetms5_ml_comparison_4.5Mar14shuffle1_200000,DLC_dlcrnetms5_ml_comparison_4.5Mar14shuffle1_200000,DLC_dlcrnetms5_ml_comparison_4.5Mar14shuffle1_200000,DLC_dlcrnetms5_ml_comparison_4.5Mar14shuffle1_200000,DLC_dlcrnetms5_ml_comparison_4.5Mar14shuffle1_200000,DLC_dlcrnetms5_ml_comparison_4.5Mar14shuffle1_200000,DLC_dlcrnetms5_ml_comparison_4.5Mar14shuffle1_200000,DLC_dlcrnetms5_ml_comparison_4.5Mar14shuffle1_200000,DLC_dlcrnetms5_ml_comparison_4.5Mar14shuffle1_200000,DLC_dlcrnetms5_ml_comparison_4.5Mar14shuffle1_200000,DLC_dlcrnetms5_ml_comparison_4.5Mar14shuffle1_200000,DLC_dlcrnetms5_ml_comparison_4.5Mar14shuffle1_200000,DLC_dlcrnetms5_ml_comparison_4.5Mar14shuffle1_200000,DLC_dlcrnetms5_ml_comparison_4.5Mar14shuffle1_200000,DLC_dlcrnetms5_ml_comparison_4.5Mar14shuffle1_200000,DLC_dlcrnetms5_ml_comparison_4.5Mar14shuffle1_200000,DLC_dlcrnetms5_ml_comparison_4.5Mar14shuffle1_200000,DLC_dlcrnetms5_ml_comparison_4.5Mar14shuffle1_200000,DLC_dlcrnetms5_ml_comparison_4.5Mar14shuffle1_200000,DLC_dlcrnetms5_ml_comparison_4.5Mar14shuffle1_200000,DLC_dlcrnetms5_ml_comparison_4.5Mar14shuffle1_200000
individuals,ind1,ind1,ind1,ind1,ind1,ind1,ind1,ind1,ind1,ind1,ind1,ind1,ind1,ind1,ind1,ind1,ind1,ind1,ind1,ind1,ind1,ind1,ind1,ind1,ind1,ind1,ind1,ind1,ind1,ind1,ind1,ind1,ind1,ind1,ind1,ind1,ind1,ind1,ind1,ind1,ind1,ind1,ind1,ind1,ind1,ind1,ind1,ind1,ind1,ind1,ind1,ind1,ind1,ind1,ind2,ind2,ind2,ind2,ind2,ind2,ind2,ind2,ind2,ind2,ind2,ind2,ind2,ind2,ind2,ind2,ind2,ind2,ind2,ind2,ind2,ind2,ind2,ind2,ind2,ind2,ind2,ind2,ind2,ind2,ind2,ind2,ind2,ind2,ind2,ind2,ind2,ind2,ind2,ind2,ind2,ind2,ind2,ind2,ind2,ind2,ind2,ind2,ind2,ind2,ind2,ind2,ind2,ind2
bodyparts,left_ear,left_ear,left_ear,right_ear,right_ear,right_ear,left_eye,left_eye,left_eye,right_eye,right_eye,right_eye,nose,nose,nose,left_shoulder,left_shoulder,left_shoulder,right_shoulder,right_shoulder,right_shoulder,lower_neck,lower_neck,lower_neck,left_elbow,left_elbow,left_elbow,right_elbow,right_elbow,right_elbow,left_wrist,left_wrist,left_wrist,right_wrist,right_wrist,right_wrist,left_hip,left_hip,left_hip,right_hip,right_hip,right_hip,left_knee,left_knee,left_knee,right_knee,right_knee,right_knee,left_ankle,left_ankle,left_ankle,right_ankle,right_ankle,right_ankle,left_ear,left_ear,left_ear,right_ear,right_ear,right_ear,left_eye,left_eye,left_eye,right_eye,right_eye,right_eye,nose,nose,nose,left_shoulder,left_shoulder,left_shoulder,right_shoulder,right_shoulder,right_shoulder,lower_neck,lower_neck,lower_neck,left_elbow,left_elbow,left_elbow,right_elbow,right_elbow,right_elbow,left_wrist,left_wrist,left_wrist,right_wrist,right_wrist,right_wrist,left_hip,left_hip,left_hip,right_hip,right_hip,right_hip,left_knee,left_knee,left_knee,right_knee,right_knee,right_knee,left_ankle,left_ankle,left_ankle,right_ankle,right_ankle,right_ankle
coords,x,y,likelihood,x,y,likelihood,x,y,likelihood,x,y,likelihood,x,y,likelihood,x,y,likelihood,x,y,likelihood,x,y,likelihood,x,y,likelihood,x,y,likelihood,x,y,likelihood,x,y,likelihood,x,y,likelihood,x,y,likelihood,x,y,likelihood,x,y,likelihood,x,y,likelihood,x,y,likelihood,x,y,likelihood,x,y,likelihood,x,y,likelihood,x,y,likelihood,x,y,likelihood,x,y,likelihood,x,y,likelihood,x,y,likelihood,x,y,likelihood,x,y,likelihood,x,y,likelihood,x,y,likelihood,x,y,likelihood,x,y,likelihood,x,y,likelihood,x,y,likelihood,x,y,likelihood,x,y,likelihood
0,492.432,164.878,1.0,368.605,151.045,1.0,450.759,218.493,1.0,421.605,217.813,1.0,429.274,237.505,1.0,508.633,172.274,0.8510000109672546,324.517,186.02,0.39399999380111694,339.987,116.414,0.925000011920929,,,1.0,,,1.0,,,1.0,,,1.0,,,1.0,,,1.0,,,1.0,,,1.0,,,1.0,,,1.0,,,1.0,,,1.0,,,1.0,,,1.0,,,1.0,,,1.0,,,1.0,,,1.0,,,1.0,,,1.0,,,1.0,,,1.0,435.079,437.691,0.8569999933242798,,,1.0,411.615,411.681,0.5950000286102295,,,1.0,411.71,451.492,0.19499999284744263,,,1.0
1,492.419,164.986,1.0,366.199,149.447,1.0,451.126,216.208,1.0,421.753,218.024,1.0,428.682,237.056,1.0,508.682,172.281,0.843999981880188,324.441,186.05,0.4620000123977661,331.741,116.623,0.8240000009536743,,,1.0,,,1.0,,,1.0,,,1.0,,,1.0,,,1.0,,,1.0,,,1.0,,,1.0,,,1.0,,,,,,,,,,,,,,,,,,,,,,,,,,,,,,,,,,,,,,,,,,,,,,,,,,,,,,
2,492.354,164.931,1.0,368.538,150.166,1.0,450.966,216.012,1.0,421.657,218.116,1.0,428.277,236.686,1.0,508.652,172.269,0.8610000014305115,324.384,186.077,0.3700000047683716,331.685,115.901,0.781000018119812,,,1.0,,,1.0,,,1.0,,,1.0,,,1.0,,,1.0,,,1.0,,,1.0,,,1.0,,,1.0,,,1.0,,,1.0,,,1.0,,,1.0,,,1.0,,,1.0,,,1.0,,,1.0,,,1.0,,,1.0,,,1.0,,,1.0,427.415,437.288,0.8169999718666077,,,1.0,411.952,411.842,0.11800000071525574,,,1.0,411.782,460.84,0.12200000137090683,,,1.0
3,492.37,165.212,1.0,368.755,150.062,1.0,451.006,215.787,1.0,422.228,215.38,1.0,428.753,236.593,1.0,508.629,172.259,0.8349999785423279,324.319,186.026,0.3869999945163727,338.95,108.707,0.7689999938011169,,,1.0,,,1.0,,,1.0,,,1.0,,,1.0,,,1.0,,,1.0,,,1.0,,,1.0,,,1.0,,,1.0,,,1.0,,,1.0,,,1.0,,,1.0,,,1.0,,,1.0,,,1.0,,,1.0,,,1.0,,,1.0,,,1.0,427.359,437.068,0.8709999918937683,,,1.0,412.132,403.825,0.22599999606609344,,,1.0,411.788,460.81,0.11699999868869781,,,1.0
4,492.477,165.201,1.0,368.582,149.958,1.0,451.221,215.472,1.0,422.266,215.384,1.0,429.142,236.186,1.0,508.614,172.24,0.8119999766349792,324.226,186.098,0.33899998664855957,339.755,108.501,0.8119999766349792,,,1.0,,,1.0,,,1.0,,,1.0,,,1.0,,,1.0,,,1.0,,,1.0,,,1.0,,,1.0,,,,,,,,,,,,,,,,,,,,,,,,,,,,,,,,,,,,,,,,,,,,,,,,,,,,,,
5,492.752,164.778,1.0,368.758,149.773,1.0,450.946,216.04,1.0,421.81,217.928,1.0,428.319,236.535,1.0,508.716,172.267,0.8560000061988831,323.705,186.158,0.37700000405311584,339.917,108.569,0.7139999866485596,,,1.0,,,1.0,,,1.0,,,1.0,,,1.0,,,1.0,,,1.0,,,1.0,,,1.0,,,1.0,,,,,,,,,,,,,,,,,,,,,,,,,,,,,,,,,,,,,,,,,,,,,,,,,,,,,,
6,492.745,165.711,1.0,369.242,149.621,1.0,451.071,215.844,1.0,422.361,215.049,1.0,428.718,236.405,1.0,508.493,172.305,0.5870000123977661,323.781,186.193,0.4189999997615814,340.728,108.758,0.6520000100135803,,,1.0,,,1.0,,,1.0,,,1.0,,,1.0,,,1.0,,,1.0,,,1.0,,,1.0,,,1.0,,,,,,,,,,,,,,,,,,,,,,,,,,,,,,,,,,,,,,,,,,,,,,,,,,,,,,
7,492.832,165.537,1.0,369.194,150.465,1.0,451.285,215.927,1.0,422.317,214.694,1.0,428.658,236.199,1.0,508.359,172.269,0.4050000011920929,324.181,185.852,0.6600000262260437,339.684,116.395,0.8320000171661377,,,1.0,,,1.0,,,1.0,,,1.0,,,1.0,,,1.0,,,1.0,,,1.0,,,1.0,,,1.0,,,,,,,,,,,,,,,,,,,,,,,,,,,,,,,,,,,,,,,,,,,,,,,,,,,,,,
8,493.225,166.694,1.0,369.08,150.88,1.0,452.426,215.482,1.0,421.636,214.715,1.0,429.015,235.711,1.0,508.284,172.254,0.20900000631809235,323.691,186.153,0.4560000002384186,339.202,116.416,0.8619999885559082,,,1.0,,,1.0,,,1.0,,,1.0,,,1.0,,,1.0,,,1.0,,,1.0,,,1.0,,,1.0,,,,,,,,,,,,,,,,,,,,,,,,,,,,,,,,,,,,,,,,,,,,,,,,,,,,,,
9,492.995,166.537,1.0,368.505,151.062,1.0,451.924,215.824,1.0,420.942,214.903,1.0,433.033,235.42,1.0,508.328,172.292,0.2619999945163727,323.644,186.171,0.40700000524520874,339.438,116.363,0.8759999871253967,,,1.0,,,1.0,,,1.0,,,1.0,,,1.0,,,1.0,,,1.0,,,1.0,,,1.0,,,1.0,,,,,,,,,,,,,,,,,,,,,,,,,,,,,,,,,,,,,,,,,,,,,,,,,,,,,,
10,492.988,166.359,1.0,368.409,151.434,1.0,451.28,219.027,1.0,420.974,218.984,1.0,433.038,235.711,1.0,508.304,172.288,0.20600000023841858,323.353,186.133,0.43299999833106995,338.872,116.036,0.9010000228881836,,,1.0,,,1.0,,,1.0,,,1.0,,,1.0,,,1.0,,,1.0,,,1.0,,,1.0,,,1.0,,,,,,,,,,,,,,,,,,,,,,,,,,,,,,,,,,,,,,,,,,,,,,,,,,,,,,
11,492.975,166.821,1.0,367.681,154.641,1.0,450.966,219.399,1.0,421.064,219.153,1.0,433.199,235.127,1.0,508.37,172.123,0.41600000858306885,315.764,186.275,0.28200000524520874,338.358,115.337,0.9710000157356262,,,1.0,,,1.0,,,1.0,,,1.0,,,1.0,,,1.0,,,1.0,,,1.0,,,1.0,,,1.0,,,,,,,,,,,,,,,,,,,,,,,,,,,,,,,,,,,,,,,,,,,,,,,,,,,,,,
12,492.99,167.735,1.0,367.382,155.256,1.0,450.342,220.201,1.0,420.634,219.579,1.0,432.999,235.364,1.0,508.349,172.01,0.16599999368190765,323.325,186.551,0.4399999976158142,338.615,116.014,0.9700000286102295,,,1.0,,,1.0,,,1.0,,,1.0,,,1.0,,,1.0,,,1.0,,,1.0,,,1.0,,,1.0,,,,,,,,,,,,,,,,,,,,,,,,,,,,,,,,,,,,,,,,,,,,,,,,,,,,,,
13,493.015,167.148,1.0,367.249,155.688,1.0,450.118,220.151,1.0,420.687,219.122,1.0,432.891,235.341,1.0,508.346,172.105,0.1379999965429306,323.299,186.636,0.43299999833106995,339.198,115.813,0.9769999980926514,,,1.0,,,1.0,,,1.0,,,1.0,,,1.0,,,1.0,,,1.0,,,1.0,,,1.0,,,1.0,,,,,,,,,,,,,,,,,,,,,,,,,,,,,,,,,,,,,,,,,,,,,,,,,,,,,,
14,493.946,168.247,1.0,368.347,156.129,1.0,448.948,220.43,1.0,420.004,219.414,1.0,433.76,238.55,1.0,515.694,172.17,0.14800000190734863,323.199,194.556,0.3930000066757202,339.649,115.995,0.9789999723434448,,,1.0,,,1.0,,,1.0,,,1.0,,,1.0,,,1.0,,,1.0,,,1.0,,,1.0,,,1.0,,,,,,,,,,,,,,,,,,,,,,,,,,,,,,,,,,,,,,,,,,,,,,,,,,,,,,
15,493.535,168.345,1.0,368.65,156.069,1.0,448.835,220.985,1.0,420.029,219.968,1.0,433.909,239.122,1.0,,,1.0,323.186,194.621,0.2930000126361847,340.385,116.253,0.9570000171661377,,,1.0,,,1.0,,,1.0,,,1.0,,,1.0,,,1.0,,,1.0,,,1.0,,,1.0,,,1.0,,,,,,,,,,,,,,,,,,,,,,,,,,,,,,,,,,,,,,,,,,,,,,,,,,,,,,
16,493.288,167.172,1.0,368.936,156.196,1.0,449.225,221.591,1.0,420.448,220.787,1.0,434.113,239.973,1.0,515.755,172.131,0.1589999943971634,322.915,194.62,0.32899999618530273,339.426,115.967,0.9580000042915344,,,1.0,,,1.0,,,1.0,,,1.0,,,1.0,,,1.0,,,1.0,,,1.0,,,1.0,,,1.0,,,,,,,,,,,,,,,,,,,,,,,,,,,,,,,,,,,,,,,,,,,,,,,,,,,,,,
17,493.742,167.337,0.9990000128746033,369.661,156.868,1.0,449.948,222.917,1.0,421.453,221.552,1.0,429.627,241.431,1.0,515.563,172.197,0.23000000417232513,315.628,195.757,0.14300000667572021,340.184,116.655,0.9810000061988831,,,1.0,,,1.0,,,1.0,,,1.0,,,1.0,,,1.0,,,1.0,,,1.0,,,1.0,,,1.0,,,,,,,,,,,,,,,,,,,,,,,,,,,,,,,,,,,,,,,,,,,,,,,,,,,,,,
18,493.036,167.267,0.9990000128746033,369.471,156.933,1.0,449.041,222.975,1.0,421.097,221.27,1.0,434.469,241.371,1.0,516.864,172.16,0.24699999392032623,323.049,195.103,0.1420000046491623,339.912,117.101,0.9760000109672546,,,1.0,,,1.0,,,1.0,,,1.0,,,1.0,,,1.0,,,1.0,,,1.0,,,1.0,,,1.0,,,,,,,,,,,,,,,,,,,,,,,,,,,,,,,,,,,,,,,,,,,,,,,,,,,,,,
19,493.465,167.554,0.9990000128746033,369.086,157.476,1.0,449.662,223.497,1.0,421.664,221.389,1.0,427.656,242.14,1.0,516.703,172.144,0.2800000011920929,300.154,133.475,0.5199999809265137,339.988,116.291,0.9679999947547913,,,1.0,,,1.0,,,1.0,,,1.0,,,1.0,,,1.0,,,1.0,,,1.0,,,1.0,,,1.0,,,,,,,,,,,,,,,,,,,,,,,,,,,,,,,,,,,,,,,,,,,,,,,,,,,,,,
20,493.036,167.81,0.9990000128746033,367.784,157.784,1.0,449.898,223.157,1.0,421.334,222.252,1.0,434.798,243.707,1.0,516.588,172.102,0.25099998712539673,300.176,133.34,0.5619999766349792,341.124,117.115,0.972000002861023,,,1.0,,,1.0,,,1.0,,,1.0,,,1.0,,,1.0,,,1.0,,,1.0,,,1.0,,,1.0,,,,,,,,,,,,,,,,,,,,,,,,,,,,,,,,,,,,,,,,,,,,,,,,,,,,,,
21,493.221,167.49,0.9990000128746033,367.841,157.799,1.0,449.986,222.872,1.0,421.367,221.745,1.0,427.552,242.591,1.0,516.865,172.084,0.18799999356269836,300.197,133.589,0.6029999852180481,340.908,117.225,0.9729999899864197,,,1.0,,,1.0,,,1.0,,,1.0,,,1.0,,,1.0,,,1.0,,,1.0,,,1.0,,,1.0,,,,,,,,,,,,,,,,,,,,,,,,,,,,,,,,,,,,,,,,,,,,,,,,,,,,,,
22,492.957,167.81,1.0,367.2,157.572,1.0,448.953,223.531,1.0,419.842,222.279,1.0,434.249,245.571,1.0,516.862,172.102,0.24500000476837158,300.21,133.244,0.5979999899864197,346.646,116.649,0.9710000157356262,,,1.0,,,1.0,,,1.0,,,1.0,,,1.0,,,1.0,,,1.0,,,1.0,,,1.0,,,1.0,,,,,,,,,,,,,,,,,,,,,,,,,,,,,,,,,,,,,,,,,,,,,,,,,,,,,,
23,492.841,168.16,1.0,367.707,157.924,1.0,449.32,223.825,1.0,420.056,222.427,1.0,434.703,245.688,1.0,516.928,172.115,0.17499999701976776,315.826,202.968,0.11299999803304672,346.697,116.3,0.9779999852180481,,,1.0,,,1.0,,,1.0,,,1.0,,,1.0,,,1.0,,,1.0,,,1.0,,,1.0,,,1.0,,,,,,,,,,,,,,,,,,,,,,,,,,,,,,,,,,,,,,,,,,,,,,,,,,,,,,
24,492.851,168.737,1.0,367.515,158.474,1.0,447.87,225.067,1.0,420.418,222.847,1.0,434.988,247.998,1.0,517.014,172.293,0.3889999985694885,315.784,202.923,0.14900000393390656,346.793,116.828,0.9769999980926514,,,1.0,,,1.0,,,1.0,,,1.0,,,1.0,,,1.0,,,1.0,,,1.0,,,1.0,,,1.0,,,,,,,,,,,,,,,,,,,,,,,,,,,,,,,,,,,,,,,,,,,,,,,,,,,,,,
25,492.851,169.288,1.0,367.936,158.411,1.0,448.454,224.875,1.0,420.02,222.865,1.0,435.044,249.622,1.0,516.737,172.228,0.18199999630451202,315.762,202.984,0.10000000149011612,346.335,117.586,0.9900000095367432,,,1.0,,,1.0,,,1.0,,,1.0,,,1.0,,,1.0,,,1.0,,,1.0,,,1.0,,,1.0,,,,,,,,,,,,,,,,,,,,,,,,,,,,,,,,,,,,,,,,,,,,,,,,,,,,,,
26,492.909,169.874,1.0,370.308,158.706,1.0,448.028,224.95,1.0,419.996,222.646,1.0,434.809,250.057,1.0,516.77,172.236,0.10999999940395355,300.338,131.831,0.6140000224113464,346.228,118.309,0.9919999837875366,,,1.0,,,1.0,,,1.0,,,1.0,,,1.0,,,1.0,,,1.0,,,1.0,,,1.0,,,1.0,,,,,,,,,,,,,,,,,,,,,,,,,,,,,,,,,,,,,,,,,,,,,,,,,,,,,,
27,492.913,169.893,1.0,369.838,158.601,1.0,447.9,224.813,1.0,420.144,222.554,1.0,434.632,249.793,1.0,516.317,179.385,0.11400000005960464,300.296,132.059,0.4880000054836273,346.166,118.49,0.9909999966621399,,,1.0,,,1.0,,,1.0,,,1.0,,,1.0,,,1.0,,,1.0,,,1.0,,,1.0,,,1.0,,,,,,,,,,,,,,,,,,,,,,,,,,,,,,,,,,,,,,,,,,,,,,,,,,,,,,
28,493.212,169.845,1.0,367.444,158.577,1.0,448.071,224.991,1.0,420.16,222.529,1.0,434.73,249.575,1.0,516.199,179.453,0.15000000596046448,300.252,131.327,0.4970000088214874,346.319,118.333,0.9919999837875366,,,1.0,,,1.0,,,1.0,,,1.0,,,1.0,,,1.0,,,1.0,,,1.0,,,1.0,,,1.0,,,,,,,,,,,,,,,,,,,,,,,,,,,,,,,,,,,,,,,,,,,,,,,,,,,,,,
29,493.436,169.874,1.0,369.342,157.727,1.0,446.489,225.725,1.0,419.004,222.754,1.0,434.22,247.974,1.0,516.328,179.589,0.11800000071525574,306.27,123.141,0.43700000643730164,346.599,117.759,0.9850000143051147,,,1.0,,,1.0,,,1.0,,,1.0,,,1.0,,,1.0,,,1.0,,,1.0,,,1.0,,,1.0,,,,,,,,,,,,,,,,,,,,,,,,,,,,,,,,,,,,,,,,,,,,,,,,,,,,,,
30,494.178,169.826,1.0,370.598,155.129,1.0,446.52,224.01,1.0,417.648,222.017,1.0,432.017,245.061,1.0,,,1.0,300.378,122.999,0.6190000176429749,346.205,116.818,0.9580000042915344,,,1.0,,,1.0,,,1.0,,,1.0,,,1.0,,,1.0,,,1.0,,,1.0,,,1.0,,,1.0,,,,,,,,,,,,,,,,,,,,,,,,,,,,,,,,,,,,,,,,,,,,,,,,,,,,,,
31,494.243,170.749,1.0,371.706,150.252,1.0,445.531,222.968,1.0,411.487,218.446,1.0,421.695,237.77,0.9990000128746033,,,1.0,307.258,123.691,0.2680000066757202,338.938,116.656,0.7429999709129333,,,1.0,,,1.0,,,1.0,,,1.0,,,1.0,,,1.0,,,1.0,,,1.0,,,1.0,,,1.0,,,,,,,,,,,,,,,,,,,,,,,,,,,,,,,,,,,,,,,,,,,,,,,,,,,,,,
32,491.706,178.457,0.9990000128746033,372.922,147.493,1.0,442.537,215.74,1.0,410.01,209.3,1.0,418.199,228.963,1.0,508.085,187.942,0.27900001406669617,307.786,131.701,0.3720000088214874,338.304,122.873,0.9829999804496765,,,1.0,,,1.0,,,1.0,,,1.0,,,1.0,,,1.0,,,1.0,,,1.0,,,1.0,,,1.0,,,,,,,,,,,,,,,,,,,,,,,,,,,,,,,,,,,,,,,,,,,,,,,,,,,,,,
33,491.533,178.816,1.0,371.554,148.116,0.9990000128746033,442.263,220.753,1.0,410.095,209.009,1.0,417.95,229.507,1.0,508.082,187.922,0.375,300.375,131.238,0.5320000052452087,338.247,122.966,0.9879999756813049,,,1.0,,,1.0,,,1.0,,,1.0,,,1.0,,,1.0,,,1.0,,,1.0,,,1.0,,,1.0,,,,,,,,,,,,,,,,,,,,,,,,,,,,,,,,,,,,,,,,,,,,,,,,,,,,,,
34,491.624,180.937,1.0,372.814,133.35,0.9950000047683716,435.554,208.738,1.0,408.794,200.848,1.0,415.108,220.683,1.0,,,1.0,300.295,131.678,0.17900000512599945,340.37,124.646,0.9089999794960022,,,1.0,,,1.0,,,1.0,,,1.0,,,1.0,,,1.0,,,1.0,,,1.0,,,1.0,,,1.0,,,,,,,,,,,,,,,,,,,,,,,,,,,,,,,,,,,,,,,,,,,,,,,,,,,,,,
35,497.884,181.123,0.9980000257492065,380.898,128.668,1.0,429.334,205.301,0.996999979019165,404.882,196.714,1.0,404.336,217.79,1.0,,,1.0,307.706,131.932,0.3799999952316284,339.586,123.057,0.6029999852180481,,,1.0,,,1.0,,,1.0,,,1.0,,,1.0,,,1.0,,,1.0,,,1.0,,,1.0,,,1.0,,,,,,,,,,,,,,,,,,,,,,,,,,,,,,,,,,,,,,,,,,,,,,,,,,,,,,
36,498.426,188.746,0.949999988079071,374.615,131.627,0.9990000128746033,428.278,204.064,0.9900000095367432,400.922,188.283,1.0,402.281,210.308,1.0,,,1.0,323.645,181.642,0.34200000762939453,331.207,123.159,0.453000009059906,,,1.0,,,1.0,,,1.0,,,1.0,,,1.0,,,1.0,,,1.0,,,1.0,,,1.0,,,1.0,,,,,,,,,,,,,,,,,,,,,,,,,,,,,,,,,,,,,,,,,,,,,,,,,,,,,,
37,493.684,189.689,0.3880000114440918,373.305,126.261,0.9079999923706055,417.44,198.358,0.9990000128746033,392.679,185.721,1.0,399.84,204.253,1.0,,,1.0,307.829,132.839,0.8339999914169312,338.534,123.36,0.48399999737739563,,,1.0,,,1.0,,,1.0,,,1.0,,,1.0,,,1.0,,,1.0,,,1.0,,,1.0,,,1.0,,,,,,,,,,,,,,,,,,,,,,,,,,,,,,,,,,,,,,,,,,,,,,,,,,,,,,
38,494.242,189.469,0.18199999630451202,373.231,115.348,0.8209999799728394,413.153,192.634,0.9959999918937683,389.551,175.69,1.0,396.082,205.399,1.0,,,1.0,316.36,123.42,0.7609999775886536,339.729,130.749,0.7979999780654907,,,1.0,,,1.0,,,1.0,,,1.0,,,1.0,,,1.0,,,1.0,,,1.0,,,1.0,,,1.0,,,,,,,,,,,,,,,,,,,,,,,,,,,,,,,,,,,,,,,,,,,,,,,,,,,,,,
39,493.494,189.527,0.18000000715255737,381.755,115.661,0.8809999823570251,417.978,195.654,0.9990000128746033,389.387,175.159,1.0,396.086,205.524,1.0,,,1.0,316.299,123.1,0.7319999933242798,340.192,130.93,0.8759999871253967,,,1.0,,,1.0,,,1.0,,,1.0,,,1.0,,,1.0,,,1.0,,,1.0,,,1.0,,,1.0,,,,,,,,,,,,,,,,,,,,,,,,,,,,,,,,,,,,,,,,,,,,,,,,,,,,,,
40,477.467,188.947,0.2669999897480011,382.321,109.011,0.9660000205039978,409.674,188.555,0.9760000109672546,383.42,176.498,1.0,388.161,200.706,1.0,,,1.0,316.179,122.893,0.9179999828338623,340.057,131.658,0.8610000014305115,,,1.0,,,1.0,,,1.0,,,1.0,,,1.0,,,1.0,,,1.0,,,1.0,,,1.0,,,1.0,,,,,,,,,,,,,,,,,,,,,,,,,,,,,,,,,,,,,,,,,,,,,,,,,,,,,,
41,,,1.0,371.628,115.862,0.8209999799728394,403.623,180.611,1.0,379.12,170.481,1.0,382.224,197.427,1.0,,,1.0,316.244,123.674,0.9539999961853027,340.235,132.311,0.8019999861717224,,,1.0,,,1.0,,,1.0,,,1.0,,,1.0,,,1.0,,,1.0,,,1.0,,,1.0,,,1.0,,,,,,,,,,,,,,,,,,,,,,,,,,,,,,,,,,,,,,,,,,,,,,,,,,,,,,
42,,,1.0,365.285,131.745,0.35600000619888306,404.175,178.18,0.9990000128746033,379.645,166.444,1.0,383.471,185.356,1.0,,,1.0,316.066,123.402,0.9520000219345093,340.277,133.003,0.8410000205039978,,,1.0,,,1.0,,,1.0,,,1.0,,,1.0,,,1.0,,,1.0,,,1.0,,,1.0,,,1.0,,,,,,,,,,,,,,,,,,,,,,,,,,,,,,,,,,,,,,,,,,,,,,,,,,,,,,
43,,,1.0,365.326,132.534,0.4059999883174896,404.748,177.876,0.9990000128746033,379.482,166.028,1.0,383.065,184.895,1.0,,,1.0,316.024,123.509,0.9629999995231628,347.181,132.718,0.6890000104904175,,,1.0,,,1.0,,,1.0,,,1.0,,,1.0,,,1.0,,,1.0,,,1.0,,,1.0,,,1.0,,,,,,,,,,,,,,,,,,,,,,,,,,,,,,,,,,,,,,,,,,,,,,,,,,,,,,
44,,,1.0,365.228,131.92,0.24899999797344208,406.088,179.247,1.0,379.193,166.809,1.0,382.907,185.253,1.0,,,1.0,316.028,123.391,0.9610000252723694,340.783,132.813,0.7699999809265137,,,1.0,,,1.0,,,1.0,,,1.0,,,1.0,,,1.0,,,1.0,,,1.0,,,1.0,,,1.0,,,,,,,,,,,,,,,,,,,,,,,,,,,,,,,,,,,,,,,,,,,,,,,,,,,,,,
45,,,1.0,365.259,131.835,0.25,405.854,178.681,0.9990000128746033,378.824,166.493,1.0,382.496,185.662,1.0,,,1.0,316.012,123.27,0.9589999914169312,340.772,132.939,0.8539999723434448,,,1.0,,,1.0,,,1.0,,,1.0,,,1.0,,,1.0,,,1.0,,,1.0,,,1.0,,,1.0,,,,,,,,,,,,,,,,,,,,,,,,,,,,,,,,,,,,,,,,,,,,,,,,,,,,,,
46,427.86,187.833,0.11999999731779099,371.75,99.63,0.7860000133514404,405.219,178.629,0.9990000128746033,378.451,165.958,1.0,382.077,185.134,1.0,,,1.0,316.106,123.553,0.9739999771118164,340.299,132.886,0.6869999766349792,,,1.0,,,1.0,,,1.0,,,1.0,,,1.0,,,1.0,,,1.0,,,1.0,,,1.0,,,1.0,,,,,,,,,,,,,,,,,,,,,,,,,,,,,,,,,,,,,,,,,,,,,,,,,,,,,,
47,,,1.0,372.097,99.47,0.9359999895095825,404.642,177.801,0.9980000257492065,378.73,163.209,1.0,381.376,185.843,1.0,,,1.0,316.028,122.652,0.9769999980926514,340.465,132.556,0.6520000100135803,,,1.0,,,1.0,,,1.0,,,1.0,,,1.0,,,1.0,,,1.0,,,1.0,,,1.0,,,1.0,,,,,,,,,,,,,,,,,,,,,,,,,,,,,,,,,,,,,,,,,,,,,,,,,,,,,,
48,,,1.0,372.243,99.999,0.9620000123977661,405.491,177.087,0.9990000128746033,378.471,162.202,1.0,381.134,185.737,1.0,,,1.0,315.838,122.363,0.9779999852180481,339.744,131.993,0.6370000243186951,,,1.0,,,1.0,,,1.0,,,1.0,,,1.0,,,1.0,,,1.0,,,1.0,,,1.0,,,1.0,,,,,,,,,,,,,,,,,,,,,,,,,,,,,,,,,,,,,,,,,,,,,,,,,,,,,,
49,428.465,188.278,0.27399998903274536,372.394,100.011,0.984000027179718,407.049,177.962,0.9990000128746033,378.732,161.784,1.0,381.754,186.048,1.0,,,1.0,315.972,122.456,0.9710000157356262,339.588,132.087,0.4950000047683716,,,1.0,,,1.0,,,1.0,,,1.0,,,1.0,,,1.0,,,1.0,,,1.0,,,1.0,,,1.0,,,,,,,,,,,,,,,,,,,,,,,,,,,,,,,,,,,,,,,,,,,,,,,,,,,,,,
50,429.118,188.711,0.6119999885559082,372.45,99.956,0.9440000057220459,407.678,178.773,0.9990000128746033,379.139,161.331,1.0,381.798,185.822,1.0,,,1.0,308.555,116.083,0.9900000095367432,339.165,132.388,0.6830000281333923,,,1.0,,,1.0,,,1.0,,,1.0,,,1.0,,,1.0,,,1.0,,,1.0,,,1.0,,,1.0,,,,,,,,,,,,,,,,,,,,,,,,,,,,,,,,,,,,,,,,,,,,,,,,,,,,,,
51,429.379,188.709,0.671999990940094,372.527,99.952,0.9580000042915344,407.271,178.583,0.9990000128746033,378.824,161.842,1.0,381.798,185.44,1.0,,,1.0,308.282,116.531,0.9900000095367432,331.98,133.194,0.6380000114440918,,,1.0,,,1.0,,,1.0,,,1.0,,,1.0,,,1.0,,,1.0,,,1.0,,,1.0,,,1.0,,,,,,,,,,,,,,,,,,,,,,,,,,,,,,,,,,,,,,,,,,,,,,,,,,,,,,
52,429.586,188.536,0.6639999747276306,372.24,100.399,0.9810000061988831,406.746,178.746,1.0,378.746,162.006,1.0,382.58,185.243,1.0,,,1.0,315.922,122.807,0.9850000143051147,339.537,132.653,0.5230000019073486,,,1.0,,,1.0,,,1.0,,,1.0,,,1.0,,,1.0,,,1.0,,,1.0,,,1.0,,,1.0,,,,,,,,,,,,,,,,,,,,,,,,,,,,,,,,,,,,,,,,,,,,,,,,,,,,,,
53,436.301,188.635,0.9879999756813049,371.761,99.918,0.9459999799728394,408.187,178.436,1.0,379.89,161.342,1.0,383.657,185.0,1.0,,,1.0,315.848,123.199,0.9959999918937683,,,1.0,,,1.0,,,1.0,,,1.0,,,1.0,,,1.0,,,1.0,,,1.0,,,1.0,,,1.0,,,1.0,,,,,,,,,,,,,,,,,,,,,,,,,,,,,,,,,,,,,,,,,,,,,,,,,,,,,,
54,435.074,179.659,0.9020000100135803,371.231,99.67,0.765999972820282,405.817,173.682,0.9980000257492065,379.584,161.273,1.0,382.837,184.61,1.0,,,1.0,315.744,124.252,0.9980000257492065,,,1.0,,,1.0,,,1.0,,,1.0,,,1.0,,,1.0,,,1.0,,,1.0,,,1.0,,,1.0,,,1.0,,,,,,,,,,,,,,,,,,,,,,,,,,,,,,,,,,,,,,,,,,,,,,,,,,,,,,
55,446.356,189.431,0.7839999794960022,372.095,99.382,0.9309999942779541,409.659,179.01,0.9990000128746033,388.103,164.146,1.0,381.252,187.647,1.0,,,1.0,315.761,123.385,0.9940000176429749,,,1.0,,,1.0,,,1.0,,,1.0,,,1.0,,,1.0,,,1.0,,,1.0,,,1.0,,,1.0,,,1.0,,,,,,,,,,,,,,,,,,,,,,,,,,,,,,,,,,,,,,,,,,,,,,,,,,,,,,
56,451.527,189.225,0.35600000619888306,381.751,99.309,0.9039999842643738,411.072,178.387,0.9990000128746033,390.935,166.685,1.0,386.287,188.232,1.0,,,1.0,315.588,123.772,0.9950000047683716,,,1.0,,,1.0,,,1.0,,,1.0,,,1.0,,,1.0,,,1.0,,,1.0,,,1.0,,,1.0,,,1.0,,,,,,,,,,,,,,,,,,,,,,,,,,,,,,,,,,,,,,,,,,,,,,,,,,,,,,
57,451.709,188.972,0.27000001072883606,381.63,99.58,0.9409999847412109,411.059,178.042,0.9990000128746033,391.006,166.594,1.0,386.463,188.183,1.0,,,1.0,315.607,123.668,0.9909999966621399,,,1.0,,,1.0,,,1.0,,,1.0,,,1.0,,,1.0,,,1.0,,,1.0,,,1.0,,,1.0,,,1.0,,,,,,,,,,,,,,,,,,,,,,,,,,,,,,,,,,,,,,,,,,,,,,,,,,,,,,
58,445.441,188.749,0.22100000083446503,381.591,98.497,0.9629999995231628,412.715,177.763,0.9990000128746033,392.204,166.712,1.0,395.381,195.491,0.9990000128746033,,,1.0,315.522,123.302,0.9909999966621399,,,1.0,,,1.0,,,1.0,,,1.0,,,1.0,,,1.0,,,1.0,,,1.0,,,1.0,,,1.0,,,1.0,,,,,,,,,,,,,,,,,,,,,,,,,,,,,,,,,,,,,,,,,,,,,,,,,,,,,,
59,445.161,179.608,0.5210000276565552,381.079,94.595,0.9890000224113464,412.695,177.511,0.9990000128746033,392.57,166.188,1.0,386.742,188.473,1.0,,,1.0,309.845,122.709,0.9950000047683716,,,1.0,,,1.0,,,1.0,,,1.0,,,1.0,,,1.0,,,1.0,,,1.0,,,1.0,,,1.0,,,1.0,,,,,,,,,,,,,,,,,,,,,,,,,,,,,,,,,,,,,,,,,,,,,,,,,,,,,,
60,436.689,180.217,0.45899999141693115,379.805,94.867,0.9990000128746033,411.134,176.124,0.9990000128746033,388.425,160.515,1.0,384.602,186.404,1.0,,,1.0,309.628,123.292,0.9980000257492065,,,1.0,,,1.0,,,1.0,,,1.0,,,1.0,,,1.0,,,1.0,,,1.0,,,1.0,,,1.0,,,1.0,,,,,,,,,,,,,,,,,,,,,,,,,,,,,,,,,,,,,,,,,,,,,,,,,,,,,,
61,432.095,173.011,0.9829999804496765,374.513,93.963,0.9919999837875366,404.286,173.11,0.9959999918937683,385.443,159.212,1.0,383.887,184.078,1.0,,,1.0,305.604,124.049,0.9950000047683716,,,1.0,,,1.0,,,1.0,,,1.0,,,1.0,,,1.0,251.564,292.246,0.19099999964237213,,,1.0,,,1.0,,,1.0,,,1.0,,,,,,,,,,,,,,,,,,,,,,,,,,,,,,,,,,,,,,,,,,,,,,,,,,,,,,
62,435.51,171.893,0.9269999861717224,372.269,94.45,1.0,407.026,170.595,0.9980000257492065,376.095,156.156,1.0,382.668,182.131,1.0,,,1.0,305.38,118.194,0.9950000047683716,,,1.0,,,1.0,,,1.0,,,1.0,,,1.0,,,1.0,251.681,291.896,0.20499999821186066,,,1.0,,,1.0,,,1.0,,,1.0,,,,,,,,,,,,,,,,,,,,,,,,,,,,,,,,,,,,,,,,,,,,,,,,,,,,,,
63,435.615,172.249,0.9390000104904175,371.96,94.441,1.0,406.728,170.626,0.996999979019165,376.366,156.0,1.0,381.855,186.959,1.0,,,1.0,304.837,118.384,0.9929999709129333,,,1.0,,,1.0,,,1.0,,,1.0,,,1.0,,,1.0,251.735,291.852,0.1379999965429306,,,1.0,,,1.0,,,1.0,,,1.0,,,,,,,,,,,,,,,,,,,,,,,,,,,,,,,,,,,,,,,,,,,,,,,,,,,,,,
64,426.788,171.015,0.9929999709129333,369.897,93.19,1.0,394.721,163.889,0.9980000257492065,377.099,153.183,1.0,375.564,183.854,1.0,,,1.0,304.917,116.956,0.9959999918937683,,,1.0,,,1.0,,,1.0,,,1.0,,,1.0,,,1.0,244.389,284.037,0.1720000058412552,,,1.0,,,1.0,,,1.0,,,1.0,,,,,,,,,,,,,,,,,,,,,,,,,,,,,,,,,,,,,,,,,,,,,,,,,,,,,,
65,420.373,164.486,0.9129999876022339,365.955,94.752,0.9610000252723694,394.832,163.619,0.9990000128746033,371.927,151.676,1.0,368.787,181.609,1.0,,,1.0,300.094,115.909,0.984000027179718,,,1.0,,,1.0,,,1.0,,,1.0,,,1.0,,,1.0,,,1.0,,,1.0,,,1.0,,,1.0,,,1.0,,,,,,,,,,,,,,,,,,,,,,,,,,,,,,,,,,,,,,,,,,,,,,,,,,,,,,
66,419.136,163.356,0.9700000286102295,356.209,83.641,0.9340000152587891,389.417,159.064,0.9990000128746033,366.815,144.66,1.0,367.184,179.524,1.0,,,1.0,299.794,116.444,0.9890000224113464,323.669,116.061,0.20100000500679016,,,1.0,,,1.0,,,1.0,,,1.0,,,1.0,,,1.0,,,1.0,,,1.0,,,1.0,,,1.0,,,,,,,,,,,,,,,,,,,,,,,,,,,,,,,,,,,,,,,,,,,,,,,,,,,,,,
67,413.738,163.439,0.9789999723434448,355.239,82.539,0.49399998784065247,389.635,157.584,0.9990000128746033,361.365,142.139,1.0,366.258,171.222,1.0,,,1.0,299.805,116.136,0.996999979019165,,,1.0,,,1.0,,,1.0,,,1.0,,,1.0,,,1.0,,,1.0,,,1.0,,,1.0,,,1.0,,,1.0,,,,,,,,,,,,,,,,,,,,,,,,,,,,,,,,,,,,,,,,,,,,,,,,,,,,,,
68,410.501,154.016,0.9959999918937683,350.394,79.684,0.9350000023841858,387.127,148.8,0.9980000257492065,360.15,137.028,1.0,363.74,169.713,1.0,,,1.0,299.966,116.122,0.9959999918937683,,,1.0,,,1.0,,,1.0,,,1.0,,,1.0,,,1.0,,,1.0,,,1.0,,,1.0,,,1.0,,,1.0,,,,,,,,,,,,,,,,,,,,,,,,,,,,,,,,,,,,,,,,,,,,,,,,,,,,,,
69,410.577,154.094,0.9950000047683716,350.237,79.535,0.906000018119812,387.042,149.436,0.9990000128746033,360.191,137.005,1.0,364.153,169.765,1.0,,,1.0,299.932,115.861,0.9950000047683716,,,1.0,,,1.0,,,1.0,,,1.0,,,1.0,,,1.0,,,1.0,,,1.0,,,1.0,,,1.0,,,1.0,,,,,,,,,,,,,,,,,,,,,,,,,,,,,,,,,,,,,,,,,,,,,,,,,,,,,,
70,411.461,155.704,0.9340000152587891,339.778,83.245,0.13500000536441803,380.27,147.691,0.9959999918937683,358.829,136.044,1.0,360.321,167.196,1.0,,,1.0,293.441,115.194,0.9850000143051147,,,1.0,,,1.0,,,1.0,,,1.0,,,1.0,,,1.0,,,1.0,,,1.0,,,1.0,,,1.0,,,1.0,,,,,,,,,,,,,,,,,,,,,,,,,,,,,,,,,,,,,,,,,,,,,,,,,,,,,,
71,412.307,147.124,0.8339999914169312,332.897,83.872,0.28700000047683716,379.823,146.069,0.9990000128746033,355.954,135.832,1.0,357.152,167.477,1.0,,,1.0,284.169,107.621,0.9290000200271606,,,1.0,,,1.0,,,1.0,,,1.0,,,1.0,,,1.0,,,1.0,,,1.0,,,1.0,,,1.0,,,1.0,,,,,,,,,,,,,,,,,,,,,,,,,,,,,,,,,,,,,,,,,,,,,,,,,,,,,,
72,405.936,148.455,0.9639999866485596,333.541,83.254,0.7200000286102295,378.491,146.686,0.9990000128746033,353.921,134.011,1.0,354.101,165.075,1.0,,,1.0,284.316,113.759,0.9760000109672546,,,1.0,,,1.0,,,1.0,,,1.0,,,1.0,,,1.0,,,1.0,,,1.0,,,1.0,,,1.0,,,1.0,,,,,,,,,,,,,,,,,,,,,,,,,,,,,,,,,,,,,,,,,,,,,,,,,,,,,,
73,403.494,148.013,0.9419999718666077,333.51,82.408,0.43700000643730164,377.875,145.418,0.9990000128746033,352.879,133.237,1.0,353.76,164.593,1.0,,,1.0,284.189,114.664,0.9660000205039978,,,1.0,,,1.0,,,1.0,,,1.0,,,1.0,,,1.0,,,1.0,,,1.0,,,1.0,,,1.0,,,1.0,,,,,,,,,,,,,,,,,,,,,,,,,,,,,,,,,,,,,,,,,,,,,,,,,,,,,,
74,403.223,148.052,0.9279999732971191,333.604,82.127,0.7409999966621399,377.701,146.606,0.9980000257492065,351.819,132.513,1.0,353.552,164.794,1.0,,,1.0,284.222,114.38,0.9570000171661377,,,1.0,,,1.0,,,1.0,,,1.0,,,1.0,,,1.0,,,1.0,,,1.0,,,1.0,,,1.0,,,1.0,,,,,,,,,,,,,,,,,,,,,,,,,,,,,,,,,,,,,,,,,,,,,,,,,,,,,,
75,403.292,148.086,0.9549999833106995,333.658,82.122,0.7630000114440918,377.34,146.567,0.996999979019165,351.766,132.134,1.0,353.2,164.529,1.0,,,1.0,284.214,114.597,0.9570000171661377,,,1.0,,,1.0,,,1.0,,,1.0,,,1.0,,,1.0,,,1.0,,,1.0,,,1.0,,,1.0,,,1.0,,,,,,,,,,,,,,,,,,,,,,,,,,,,,,,,,,,,,,,,,,,,,,,,,,,,,,
76,403.503,147.901,0.9570000171661377,333.85,78.714,0.8209999799728394,377.412,145.981,0.9980000257492065,347.531,130.723,1.0,352.258,165.344,1.0,,,1.0,284.276,113.955,0.9549999833106995,,,1.0,,,1.0,,,1.0,,,1.0,,,1.0,,,1.0,,,1.0,,,1.0,,,1.0,,,1.0,,,1.0,,,,,,,,,,,,,,,,,,,,,,,,,,,,,,,,,,,,,,,,,,,,,,,,,,,,,,
77,402.966,141.784,0.9010000228881836,333.757,78.618,0.8059999942779541,378.109,144.981,0.9980000257492065,347.526,128.708,1.0,352.267,164.417,1.0,,,1.0,284.294,109.002,0.9179999828338623,,,1.0,,,1.0,,,1.0,,,1.0,,,1.0,,,1.0,,,1.0,,,1.0,,,1.0,,,1.0,,,1.0,,,,,,,,,,,,,,,,,,,,,,,,,,,,,,,,,,,,,,,,,,,,,,,,,,,,,,
78,403.331,141.569,0.9440000057220459,325.708,78.857,0.9259999990463257,373.415,142.425,0.9980000257492065,346.071,128.201,1.0,351.347,155.764,1.0,,,1.0,276.129,107.765,0.9729999899864197,,,1.0,,,1.0,,,1.0,,,1.0,,,1.0,,,1.0,,,1.0,,,1.0,,,1.0,,,1.0,,,1.0,,,,,,,,,,,,,,,,,,,,,,,,,,,,,,,,,,,,,,,,,,,,,,,,,,,,,,
79,403.909,140.399,0.9599999785423279,324.757,78.44,0.9879999756813049,374.586,139.739,0.9990000128746033,344.146,126.292,1.0,350.38,154.047,1.0,,,1.0,274.531,108.882,0.9829999804496765,,,1.0,,,1.0,,,1.0,,,1.0,,,1.0,,,1.0,,,1.0,,,1.0,,,1.0,,,1.0,,,1.0,,,,,,,,,,,,,,,,,,,,,,,,,,,,,,,,,,,,,,,,,,,,,,,,,,,,,,
80,413.377,136.746,0.968999981880188,324.304,78.112,0.9639999866485596,373.587,134.49,1.0,342.718,123.895,1.0,350.823,151.729,1.0,,,1.0,273.925,108.976,0.9549999833106995,,,1.0,,,1.0,,,1.0,,,1.0,,,1.0,,,1.0,,,1.0,,,1.0,,,1.0,,,1.0,,,1.0,,,,,,,,,,,,,,,,,,,,,,,,,,,,,,,,,,,,,,,,,,,,,,,,,,,,,,
81,407.21,138.46,0.9700000286102295,324.043,78.203,0.9279999732971191,373.395,134.443,1.0,342.603,124.033,1.0,350.733,151.904,1.0,,,1.0,274.68,108.78,0.9259999990463257,,,1.0,,,1.0,,,1.0,,,1.0,,,1.0,,,1.0,,,1.0,,,1.0,,,1.0,,,1.0,,,1.0,,,,,,,,,,,,,,,,,,,,,,,,,,,,,,,,,,,,,,,,,,,,,,,,,,,,,,
82,405.602,138.908,0.7350000143051147,324.942,77.83,0.9869999885559082,372.653,132.116,1.0,343.837,120.029,1.0,350.372,153.564,1.0,,,1.0,274.821,108.642,0.8069999814033508,,,1.0,,,1.0,,,1.0,,,1.0,,,1.0,,,1.0,,,1.0,,,1.0,,,1.0,,,1.0,,,1.0,,,,,,,,,,,,,,,,,,,,,,,,,,,,,,,,,,,,,,,,,,,,,,,,,,,,,,
83,403.332,132.79,0.671999990940094,322.761,78.124,0.9940000176429749,368.42,129.671,1.0,342.51,118.72,1.0,348.768,151.282,1.0,,,1.0,268.428,108.17,0.7919999957084656,,,1.0,,,1.0,,,1.0,,,1.0,,,1.0,,,1.0,,,1.0,,,1.0,,,1.0,,,1.0,,,1.0,,,,,,,,,,,,,,,,,,,,,,,,,,,,,,,,,,,,,,,,,,,,,,,,,,,,,,
84,398.346,132.435,0.9409999847412109,318.446,64.614,0.9480000138282776,367.19,129.519,1.0,339.309,116.062,1.0,346.104,147.83,1.0,,,1.0,268.652,108.806,0.40700000524520874,,,1.0,,,1.0,,,1.0,,,1.0,,,1.0,,,1.0,,,1.0,,,1.0,,,1.0,,,1.0,,,1.0,,,,,,,,,,,,,,,,,,,,,,,,,,,,,,,,,,,,,,,,,,,,,,,,,,,,,,
85,397.293,123.639,0.9869999885559082,318.934,62.438,1.0,362.589,125.51,1.0,332.372,112.042,1.0,339.301,141.225,1.0,,,1.0,268.332,108.248,0.11999999731779099,,,1.0,,,1.0,,,1.0,,,1.0,,,1.0,,,1.0,,,1.0,,,1.0,,,1.0,,,1.0,,,1.0,,,,,,,,,,,,,,,,,,,,,,,,,,,,,,,,,,,,,,,,,,,,,,,,,,,,,,
86,394.675,123.946,0.9929999709129333,318.435,61.786,0.9980000257492065,359.18,122.596,1.0,329.491,110.387,1.0,336.164,136.711,1.0,,,1.0,259.934,116.356,0.36399999260902405,,,1.0,,,1.0,,,1.0,,,1.0,,,1.0,,,1.0,,,1.0,,,1.0,,,1.0,,,1.0,,,1.0,,,,,,,,,,,,,,,,,,,,,,,,,,,,,,,,,,,,,,,,,,,,,,,,,,,,,,
87,394.805,123.56,0.9909999966621399,318.147,61.577,1.0,359.457,122.719,1.0,329.418,110.243,1.0,336.058,136.622,1.0,,,1.0,259.574,116.509,0.492000013589859,,,1.0,,,1.0,,,1.0,,,1.0,,,1.0,,,1.0,,,1.0,,,1.0,,,1.0,,,1.0,,,1.0,,,,,,,,,,,,,,,,,,,,,,,,,,,,,,,,,,,,,,,,,,,,,,,,,,,,,,
88,378.909,119.203,0.925000011920929,307.791,61.902,0.515999972820282,346.602,120.205,1.0,323.03,108.68,1.0,328.195,135.401,1.0,,,1.0,251.876,116.777,0.574999988079071,,,1.0,,,1.0,,,1.0,,,1.0,,,1.0,,,1.0,,,1.0,,,1.0,,,1.0,,,1.0,,,1.0,,,,,,,,,,,,,,,,,,,,,,,,,,,,,,,,,,,,,,,,,,,,,,,,,,,,,,
89,411.187,92.423,0.9980000257492065,307.341,61.019,0.22300000488758087,343.178,116.537,1.0,312.297,107.726,1.0,322.038,133.61,1.0,436.723,107.993,0.8579999804496765,251.871,115.895,0.12399999797344208,,,1.0,,,1.0,,,1.0,,,1.0,,,1.0,,,1.0,,,1.0,,,1.0,,,1.0,,,1.0,,,1.0,,,,,,,,,,,,,,,,,,,,,,,,,,,,,,,,,,,,,,,,,,,,,,,,,,,,,,
90,409.446,94.827,0.9990000128746033,,,1.0,332.412,109.774,1.0,305.641,102.381,1.0,312.022,131.361,1.0,,,1.0,252.006,115.525,0.8450000286102295,,,1.0,,,1.0,,,1.0,,,1.0,,,1.0,,,1.0,,,1.0,,,1.0,,,1.0,,,1.0,,,1.0,,,,,,,,,,,,,,,,,,,,,,,,,,,,,,,,,,,,,,,,,,,,,,,,,,,,,,
91,402.749,91.403,0.9950000047683716,,,1.0,330.102,109.358,1.0,299.161,99.449,1.0,302.593,126.509,1.0,,,1.0,242.306,116.231,0.9539999961853027,,,1.0,,,1.0,,,1.0,,,1.0,,,1.0,,,1.0,203.61,324.067,0.9330000281333923,,,1.0,,,1.0,,,1.0,,,1.0,,,,,,,,,,,,,,,,,,,,,,,,,,,,,,,,,,,,,,,,,,,,,,,,,,,,,,
92,395.997,90.211,0.9980000257492065,275.785,76.211,0.16300000250339508,319.391,108.002,0.9959999918937683,296.916,99.619,1.0,302.967,121.41,0.9890000224113464,436.503,92.159,0.6610000133514404,241.676,107.001,0.9620000123977661,,,1.0,,,1.0,,,1.0,,,1.0,,,1.0,,,1.0,,,1.0,,,1.0,,,1.0,,,1.0,,,1.0,,,,,,,,,,,,,,,,,,,,,,,,,,,,,,,,,,,,,,,,,,,,,,,,,,,,,,
93,395.912,89.787,0.9980000257492065,275.807,76.234,0.2409999966621399,319.535,108.036,0.9959999918937683,296.825,99.376,1.0,302.737,121.779,0.9869999885559082,436.272,84.711,0.8600000143051147,241.877,106.972,0.9769999980926514,,,1.0,,,1.0,,,1.0,,,1.0,,,1.0,,,1.0,,,1.0,,,1.0,,,1.0,,,1.0,,,1.0,,,,,,,,,,,,,,,,,,,,,,,,,,,,,,,,,,,,,,,,,,,,,,,,,,,,,,
94,387.143,89.463,1.0,275.931,76.046,0.18799999356269836,316.663,108.405,0.9900000095367432,290.127,100.675,1.0,289.988,121.822,0.9980000257492065,434.631,92.037,0.699999988079071,235.958,138.487,0.2919999957084656,,,1.0,,,1.0,,,1.0,,,1.0,,,1.0,,,1.0,,,1.0,,,1.0,,,1.0,,,1.0,,,1.0,,,,,,,,,,,,,,,,,,,,,,,,,,,,,,,,,,,,,,,,,,,,,,,,,,,,,,
95,380.884,89.532,0.9990000128746033,,,1.0,302.729,107.885,1.0,280.994,104.246,1.0,284.156,124.215,1.0,436.721,91.985,0.609000027179718,235.994,132.657,0.8920000195503235,,,1.0,,,1.0,,,1.0,,,1.0,,,1.0,,,1.0,,,1.0,,,1.0,,,1.0,,,1.0,,,1.0,,,,,,,,,,,,,,,,,,,,,,,,,,,,,,,,,,,,,,,,,,,,,,,,,,,,,,
96,377.105,87.965,0.9990000128746033,,,1.0,292.786,114.125,0.8299999833106995,282.656,110.316,0.9539999961853027,275.722,123.854,0.7799999713897705,,,1.0,,,1.0,,,1.0,,,1.0,,,1.0,,,1.0,,,1.0,,,1.0,,,1.0,,,1.0,,,1.0,,,1.0,,,1.0,,,,,,,,,,,,,,,,,,,,,,,,,,,,,,,,,,,,,,,,,,,,,,,,,,,,,,
97,374.738,87.93,1.0,,,1.0,295.581,119.11,1.0,274.933,112.966,1.0,280.412,137.289,1.0,,,1.0,229.689,122.439,0.9940000176429749,,,1.0,,,1.0,,,1.0,,,1.0,,,1.0,,,1.0,,,1.0,,,1.0,,,1.0,,,1.0,,,1.0,,,,,,,,,,,,,,,,,,,,,,,,,,,,,,,,,,,,,,,,,,,,,,,,,,,,,,
98,373.356,89.232,0.9990000128746033,,,1.0,300.611,123.425,1.0,278.765,119.935,1.0,287.099,140.423,1.0,,,1.0,226.916,123.611,0.9959999918937683,,,1.0,,,1.0,,,1.0,,,1.0,,,1.0,,,1.0,,,1.0,,,1.0,,,1.0,,,1.0,,,1.0,,,,,,,,,,,,,,,,,,,,,,,,,,,,,,,,,,,,,,,,,,,,,,,,,,,,,,
99,373.36,88.946,1.0,,,1.0,300.645,123.535,1.0,278.874,119.799,1.0,287.22,140.207,1.0,,,1.0,227.154,123.508,0.996999979019165,,,1.0,,,1.0,,,1.0,,,1.0,,,1.0,,,1.0,,,1.0,,,1.0,,,1.0,,,1.0,,,1.0,,,,,,,,,,,,,,,,,,,,,,,,,,,,,,,,,,,,,,,,,,,,,,,,,,,,,,
100,375.663,90.255,0.9959999918937683,269.345,65.641,0.42800000309944153,302.647,129.029,1.0,280.862,124.514,1.0,285.305,146.862,1.0,,,1.0,227.016,124.0,0.9779999852180481,,,1.0,,,1.0,,,1.0,,,1.0,,,1.0,,,1.0,,,1.0,,,1.0,,,1.0,,,1.0,,,1.0,,,,,,,,,,,,,,,,,,,,,,,,,,,,,,,,,,,,,,,,,,,,,,,,,,,,,,
101,377.48,92.551,1.0,269.658,76.865,0.875,312.532,135.093,1.0,286.79,131.408,1.0,294.972,151.884,1.0,,,1.0,229.111,137.233,0.984000027179718,,,1.0,,,1.0,,,1.0,,,1.0,,,1.0,,,1.0,203.65,220.427,0.33899998664855957,,,1.0,235.603,260.172,0.578000009059906,,,1.0,,,1.0,,,,,,,,,,,,,,,,,,,,,,,,,,,,,,,,,,,,,,,,,,,,,,,,,,,,,,
102,388.843,92.07,1.0,269.51,83.234,0.7549999952316284,315.365,138.791,1.0,287.679,137.083,1.0,300.606,159.933,1.0,,,1.0,236.185,138.395,0.7910000085830688,,,1.0,,,1.0,155.795,220.446,0.7639999985694885,,,1.0,,,1.0,,,1.0,,,1.0,,,1.0,235.568,260.822,0.3100000023841858,,,1.0,,,1.0,,,,,,,,,,,,,,,,,,,,,,,,,,,,,,,,,,,,,,,,,,,,,,,,,,,,,,
103,393.611,98.319,0.996999979019165,278.519,84.39,0.953000009059906,317.126,148.033,1.0,290.339,142.139,1.0,302.499,161.112,1.0,,,1.0,236.145,133.642,0.7749999761581421,,,1.0,,,1.0,,,1.0,,,1.0,,,1.0,,,1.0,,,1.0,,,1.0,,,1.0,,,1.0,,,1.0,,,,,,,,,,,,,,,,,,,,,,,,,,,,,,,,,,,,,,,,,,,,,,,,,,,,,,
104,,,,,,,,,,,,,,,,,,,,,,,,,,,,,,,,,,,,,,,,,,,,,,,,,,,,,,,,,,,,,,,,,,,,,,,,,,,,,,,,,,,,,,,,,,,,,,,,,,,,,,,,,,,,
105,,,,,,,,,,,,,,,,,,,,,,,,,,,,,,,,,,,,,,,,,,,,,,,,,,,,,,,,,,,,,,,,,,,,,,,,,,,,,,,,,,,,,,,,,,,,,,,,,,,,,,,,,,,,
106,,,,,,,,,,,,,,,,,,,,,,,,,,,,,,,,,,,,,,,,,,,,,,,,,,,,,,,,,,,,,,,,,,,,,,,,,,,,,,,,,,,,,,,,,,,,,,,,,,,,,,,,,,,,
107,,,,,,,,,,,,,,,,,,,,,,,,,,,,,,,,,,,,,,,,,,,,,,,,,,,,,,,,,,,,,,,,,,,,,,,,,,,,,,,,,,,,,,,,,,,,,,,,,,,,,,,,,,,,
108,,,,,,,,,,,,,,,,,,,,,,,,,,,,,,,,,,,,,,,,,,,,,,,,,,,,,,,,,,,,,,,,,,,,,,,,,,,,,,,,,,,,,,,,,,,,,,,,,,,,,,,,,,,,
109,,,,,,,,,,,,,,,,,,,,,,,,,,,,,,,,,,,,,,,,,,,,,,,,,,,,,,,,,,,,,,,,,,,,,,,,,,,,,,,,,,,,,,,,,,,,,,,,,,,,,,,,,,,,
110,,,,,,,,,,,,,,,,,,,,,,,,,,,,,,,,,,,,,,,,,,,,,,,,,,,,,,,,,,,,,,,,,,,,,,,,,,,,,,,,,,,,,,,,,,,,,,,,,,,,,,,,,,,,
111,,,,,,,,,,,,,,,,,,,,,,,,,,,,,,,,,,,,,,,,,,,,,,,,,,,,,,,,,,,,,,,,,,,,,,,,,,,,,,,,,,,,,,,,,,,,,,,,,,,,,,,,,,,,
112,329.72,122.534,0.9549999833106995,237.515,117.4,0.7350000143051147,272.643,181.095,0.9940000176429749,247.216,172.866,0.9900000095367432,259.012,200.732,1.0,,,1.0,178.997,170.529,0.9940000176429749,,,1.0,,,1.0,155.518,292.546,0.5839999914169312,,,1.0,,,1.0,,,1.0,,,1.0,,,1.0,,,1.0,,,1.0,,,1.0,,,,,,,,,,,,,,,,,,,,,,,,,,,,,,,,,,,,,,,,,,,,,,,,,,,,,,
113,314.342,131.527,0.9810000061988831,221.6,124.791,0.8809999823570251,259.65,182.27,1.0,234.393,179.094,0.9959999918937683,246.22,202.801,1.0,,,1.0,172.012,172.313,0.9850000143051147,,,1.0,,,1.0,154.917,291.742,0.8330000042915344,,,1.0,,,1.0,,,1.0,,,1.0,,,1.0,,,1.0,,,1.0,,,1.0,,,,,,,,,,,,,,,,,,,,,,,,,,,,,,,,,,,,,,,,,,,,,,,,,,,,,,
114,307.224,134.095,0.9990000128746033,211.447,125.188,0.5450000166893005,242.641,182.793,1.0,217.482,177.691,1.0,226.247,202.23,1.0,,,1.0,156.21,171.362,0.9940000176429749,,,1.0,,,1.0,139.621,284.785,0.4490000009536743,,,1.0,,,1.0,,,1.0,,,1.0,,,1.0,,,1.0,,,1.0,,,1.0,,,,,,,,,,,,,,,,,,,,,,,,,,,,,,,,,,,,,,,,,,,,,,,,,,,,,,
115,283.181,131.356,0.9660000205039978,197.364,124.337,0.8450000286102295,226.007,183.579,1.0,203.263,175.49,1.0,211.426,200.236,1.0,,,1.0,148.615,165.079,0.9980000257492065,,,1.0,,,1.0,148.427,284.346,0.6859999895095825,,,1.0,,,1.0,,,1.0,,,1.0,,,1.0,,,1.0,,,1.0,,,1.0,,,,,,,,,,,,,,,,,,,,,,,,,,,,,,,,,,,,,,,,,,,,,,,,,,,,,,
116,265.407,123.928,0.9900000095367432,189.144,124.329,0.9049999713897705,207.883,179.509,1.0,189.773,171.895,0.9990000128746033,197.671,197.893,1.0,,,1.0,140.085,165.059,0.9860000014305115,,,1.0,,,1.0,155.724,236.378,0.20999999344348907,,,1.0,,,1.0,,,1.0,,,1.0,,,1.0,,,1.0,,,1.0,,,1.0,,,,,,,,,,,,,,,,,,,,,,,,,,,,,,,,,,,,,,,,,,,,,,,,,,,,,,
117,265.697,123.961,0.984000027179718,189.118,124.383,0.8980000019073486,207.487,179.207,1.0,189.436,171.772,0.9990000128746033,197.94,197.848,1.0,,,1.0,139.917,164.596,0.9810000061988831,,,1.0,,,1.0,155.577,275.546,0.20999999344348907,,,1.0,,,1.0,,,1.0,,,1.0,,,1.0,,,1.0,,,1.0,,,1.0,,,,,,,,,,,,,,,,,,,,,,,,,,,,,,,,,,,,,,,,,,,,,,,,,,,,,,
118,250.366,123.018,0.968999981880188,179.35,124.111,0.31200000643730164,192.147,175.756,1.0,172.13,170.816,1.0,183.458,193.832,1.0,,,1.0,123.951,165.13,0.9829999804496765,,,1.0,,,1.0,139.786,276.024,0.24400000274181366,,,1.0,,,1.0,,,1.0,,,1.0,,,1.0,,,1.0,,,1.0,,,1.0,,,,,,,,,,,,,,,,,,,,,,,,,,,,,,,,,,,,,,,,,,,,,,,,,,,,,,
119,234.997,123.57,0.30799999833106995,,,1.0,174.05,169.733,1.0,156.331,166.038,1.0,169.786,188.737,1.0,,,1.0,115.743,164.48,0.972000002861023,,,1.0,,,1.0,75.576,275.538,0.2840000092983246,,,1.0,,,1.0,,,1.0,,,1.0,,,1.0,,,1.0,,,1.0,,,1.0,,,,,,,,,,,,,,,,,,,,,,,,,,,,,,,,,,,,,,,,,,,,,,,,,,,,,,
120,212.231,116.487,0.2709999978542328,,,1.0,158.919,166.138,1.0,137.315,162.711,0.9990000128746033,151.655,186.282,1.0,,,1.0,99.528,179.879,0.5899999737739563,,,1.0,,,1.0,124.151,267.832,0.10300000011920929,,,1.0,,,1.0,,,1.0,,,1.0,,,1.0,,,1.0,,,1.0,,,1.0,,,,,,,,,,,,,,,,,,,,,,,,,,,,,,,,,,,,,,,,,,,,,,,,,,,,,,
121,196.342,116.338,0.22699999809265137,,,1.0,142.87,160.251,0.9980000257492065,118.143,160.97,0.9869999885559082,134.08,181.102,0.9990000128746033,,,1.0,83.776,140.379,0.22100000083446503,,,1.0,,,1.0,,,1.0,,,1.0,,,1.0,,,1.0,,,1.0,,,1.0,,,1.0,,,1.0,,,1.0,,,,,,,,,,,,,,,,,,,,,,,,,,,,,,,,,,,,,,,,,,,,,,,,,,,,,,
122,,,1.0,,,1.0,125.375,159.447,0.7699999809265137,108.38,156.13,0.968999981880188,116.045,177.527,0.9959999918937683,,,1.0,76.375,140.577,0.5199999809265137,,,1.0,,,1.0,,,1.0,,,1.0,,,1.0,,,1.0,,,1.0,,,1.0,,,1.0,,,1.0,,,1.0,,,,,,,,,,,,,,,,,,,,,,,,,,,,,,,,,,,,,,,,,,,,,,,,,,,,,,
123,,,1.0,,,1.0,116.525,156.896,0.652999997138977,108.462,156.07,0.972000002861023,115.855,177.768,0.9940000176429749,,,1.0,76.336,132.78,0.6309999823570251,,,1.0,,,1.0,,,1.0,,,1.0,,,1.0,,,1.0,,,1.0,,,1.0,,,1.0,,,1.0,,,1.0,,,,,,,,,,,,,,,,,,,,,,,,,,,,,,,,,,,,,,,,,,,,,,,,,,,,,,
124,,,,,,,,,,,,,,,,,,,,,,,,,,,,,,,,,,,,,,,,,,,,,,,,,,,,,,,,,,,,,,,,,,,,,,,,,,,,,,,,,,,,,,,,,,,,,,,,,,,,,,,,,,,,
125,,,,,,,,,,,,,,,,,,,,,,,,,,,,,,,,,,,,,,,,,,,,,,,,,,,,,,,,,,,,,,,,,,,,,,,,,,,,,,,,,,,,,,,,,,,,,,,,,,,,,,,,,,,,
126,,,,,,,,,,,,,,,,,,,,,,,,,,,,,,,,,,,,,,,,,,,,,,,,,,,,,,,,,,,,,,,,,,,,,,,,,,,,,,,,,,,,,,,,,,,,,,,,,,,,,,,,,,,,
127,,,,,,,,,,,,,,,,,,,,,,,,,,,,,,,,,,,,,,,,,,,,,,,,,,,,,,,,,,,,,,,,,,,,,,,,,,,,,,,,,,,,,,,,,,,,,,,,,,,,,,,,,,,,
128,,,,,,,,,,,,,,,,,,,,,,,,,,,,,,,,,,,,,,,,,,,,,,,,,,,,,,,,,,,,,,,,,,,,,,,,,,,,,,,,,,,,,,,,,,,,,,,,,,,,,,,,,,,,
129,,,,,,,,,,,,,,,,,,,,,,,,,,,,,,,,,,,,,,,,,,,,,,,,,,,,,,,,,,,,,,,,,,,,,,,,,,,,,,,,,,,,,,,,,,,,,,,,,,,,,,,,,,,,
130,,,,,,,,,,,,,,,,,,,,,,,,,,,,,,,,,,,,,,,,,,,,,,,,,,,,,,,,,,,,,,,,,,,,,,,,,,,,,,,,,,,,,,,,,,,,,,,,,,,,,,,,,,,,
131,,,,,,,,,,,,,,,,,,,,,,,,,,,,,,,,,,,,,,,,,,,,,,,,,,,,,,,,,,,,,,,,,,,,,,,,,,,,,,,,,,,,,,,,,,,,,,,,,,,,,,,,,,,,
132,,,,,,,,,,,,,,,,,,,,,,,,,,,,,,,,,,,,,,,,,,,,,,,,,,,,,,,,,,,,,,,,,,,,,,,,,,,,,,,,,,,,,,,,,,,,,,,,,,,,,,,,,,,,
133,,,,,,,,,,,,,,,,,,,,,,,,,,,,,,,,,,,,,,,,,,,,,,,,,,,,,,,,,,,,,,,,,,,,,,,,,,,,,,,,,,,,,,,,,,,,,,,,,,,,,,,,,,,,
134,,,,,,,,,,,,,,,,,,,,,,,,,,,,,,,,,,,,,,,,,,,,,,,,,,,,,,,,,,,,,,,,,,,,,,,,,,,,,,,,,,,,,,,,,,,,,,,,,,,,,,,,,,,,
135,,,,,,,,,,,,,,,,,,,,,,,,,,,,,,,,,,,,,,,,,,,,,,,,,,,,,,,,,,,,,,,,,,,,,,,,,,,,,,,,,,,,,,,,,,,,,,,,,,,,,,,,,,,,
136,,,,,,,,,,,,,,,,,,,,,,,,,,,,,,,,,,,,,,,,,,,,,,,,,,,,,,,,,,,,,,,,,,,,,,,,,,,,,,,,,,,,,,,,,,,,,,,,,,,,,,,,,,,,
137,,,,,,,,,,,,,,,,,,,,,,,,,,,,,,,,,,,,,,,,,,,,,,,,,,,,,,,,,1.0,,,1.0,,,1.0,,,1.0,,,1.0,,,1.0,,,1.0,,,1.0,,,1.0,330.412,273.699,0.9980000257492065,,,1.0,,,1.0,,,1.0,261.041,323.55,0.9860000014305115,,,1.0,,,1.0,,,1.0,276.268,348.691,0.8859999775886536
138,,,,,,,,,,,,,,,,,,,,,,,,,,,,,,,,,,,,,,,,,,,,,,,,,,,,,,,,,1.0,,,1.0,,,1.0,,,1.0,,,1.0,,,1.0,,,1.0,,,1.0,,,1.0,330.799,273.899,1.0,,,1.0,,,1.0,,,1.0,268.893,316.179,0.8769999742507935,,,1.0,310.88,307.648,0.9869999885559082,,,1.0,,,1.0
139,,,,,,,,,,,,,,,,,,,,,,,,,,,,,,,,,,,,,,,,,,,,,,,,,,,,,,,,,,,,,,,,,,,,,,,,,,,,,,,,,,,,,,,,,,,,,,,,,,,,,,,,,,,,
140,,,,,,,,,,,,,,,,,,,,,,,,,,,,,,,,,,,,,,,,,,,,,,,,,,,,,,,,,,,,,,,,,,,,,,,,,,,,,,,,,,,,,,,,,,,,,,,,,,,,,,,,,,,,
141,,,,,,,,,,,,,,,,,,,,,,,,,,,,,,,,,,,,,,,,,,,,,,,,,,,,,,,,,1.0,,,1.0,,,1.0,,,1.0,,,1.0,,,1.0,,,1.0,,,1.0,,,1.0,,,1.0,,,1.0,,,1.0,,,1.0,236.225,307.946,0.7639999985694885,,,1.0,276.15,331.639,0.5950000286102295,,,1.0,251.25,379.632,0.8610000014305115
142,,,,,,,,,,,,,,,,,,,,,,,,,,,,,,,,,,,,,,,,,,,,,,,,,,,,,,,,,1.0,,,1.0,,,1.0,,,1.0,,,1.0,,,1.0,,,1.0,,,1.0,,,1.0,,,1.0,,,1.0,,,1.0,,,1.0,244.494,315.86,0.21699999272823334,,,1.0,268.145,332.153,0.9779999852180481,,,1.0,267.126,379.692,0.8980000019073486
143,,,,,,,,,,,,,,,,,,,,,,,,,,,,,,,,,,,,,,,,,,,,,,,,,,,,,,,,,,,,,,,,,,,,,,,,,,,,,,,,,,,,,,,,,,,,,,,,,,,,,,,,,,,,
144,,,,,,,,,,,,,,,,,,,,,,,,,,,,,,,,,,,,,,,,,,,,,,,,,,,,,,,,,,,,,,,,,,,,,,,,,,,,,,,,,,,,,,,,,,,,,,,,,,,,,,,,,,,,
145,,,,,,,,,,,,,,,,,,,,,,,,,,,,,,,,,,,,,,,,,,,,,,,,,,,,,,,,,,,,,,,,,,,,,,,,,,,,,,,,,,,,,,,,,,,,,,,,,,,,,,,,,,,,
146,,,,,,,,,,,,,,,,,,,,,,,,,,,,,,,,,,,,,,,,,,,,,,,,,,,,,,,,,,,,,,,,,,,,,,,,,,,,,,,,,,,,,,,,,,,,,,,,,,,,,,,,,,,,
147,,,,,,,,,,,,,,,,,,,,,,,,,,,,,,,,,,,,,,,,,,,,,,,,,,,,,,,,,,,,,,,,,,,,,,,,,,,,,,,,,,,,,,,,,,,,,,,,,,,,,,,,,,,,
148,,,,,,,,,,,,,,,,,,,,,,,,,,,,,,,,,,,,,,,,,,,,,,,,,,,,,,,,,,,,,,,,,,,,,,,,,,,,,,,,,,,,,,,,,,,,,,,,,,,,,,,,,,,,
149,,,,,,,,,,,,,,,,,,,,,,,,,,,,,,,,,,,,,,,,,,,,,,,,,,,,,,,,,,,,,,,,,,,,,,,,,,,,,,,,,,,,,,,,,,,,,,,,,,,,,,,,,,,,
150,,,,,,,,,,,,,,,,,,,,,,,,,,,,,,,,,,,,,,,,,,,,,,,,,,,,,,,,,,,,,,,,,,,,,,,,,,,,,,,,,,,,,,,,,,,,,,,,,,,,,,,,,,,,
151,,,,,,,,,,,,,,,,,,,,,,,,,,,,,,,,,,,,,,,,,,,,,,,,,,,,,,,,,,,,,,,,,,,,,,,,,,,,,,,,,,,,,,,,,,,,,,,,,,,,,,,,,,,,
152,,,,,,,,,,,,,,,,,,,,,,,,,,,,,,,,,,,,,,,,,,,,,,,,,,,,,,,,,,,,,,,,,,,,,,,,,,,,,,,,,,,,,,,,,,,,,,,,,,,,,,,,,,,,
153,,,,,,,,,,,,,,,,,,,,,,,,,,,,,,,,,,,,,,,,,,,,,,,,,,,,,,,,,,,,,,,,,,,,,,,,,,,,,,,,,,,,,,,,,,,,,,,,,,,,,,,,,,,,
154,,,,,,,,,,,,,,,,,,,,,,,,,,,,,,,,,,,,,,,,,,,,,,,,,,,,,,,,,,,,,,,,,,,,,,,,,,,,,,,,,,,,,,,,,,,,,,,,,,,,,,,,,,,,
155,,,,,,,,,,,,,,,,,,,,,,,,,,,,,,,,,,,,,,,,,,,,,,,,,,,,,,,,,,,,,,,,,,,,,,,,,,,,,,,,,,,,,,,,,,,,,,,,,,,,,,,,,,,,
156,,,,,,,,,,,,,,,,,,,,,,,,,,,,,,,,,,,,,,,,,,,,,,,,,,,,,,,,,,,,,,,,,,,,,,,,,,,,,,,,,,,,,,,,,,,,,,,,,,,,,,,,,,,,
157,,,,,,,,,,,,,,,,,,,,,,,,,,,,,,,,,,,,,,,,,,,,,,,,,,,,,,,,,,,,,,,,,,,,,,,,,,,,,,,,,,,,,,,,,,,,,,,,,,,,,,,,,,,,
158,,,,,,,,,,,,,,,,,,,,,,,,,,,,,,,,,,,,,,,,,,,,,,,,,,,,,,,,,,,,,,,,,,,,,,,,,,,,,,,,,,,,,,,,,,,,,,,,,,,,,,,,,,,,
159,,,,,,,,,,,,,,,,,,,,,,,,,,,,,,,,,,,,,,,,,,,,,,,,,,,,,,,,,,,,,,,,,,,,,,,,,,,,,,,,,,,,,,,,,,,,,,,,,,,,,,,,,,,,
160,,,,,,,,,,,,,,,,,,,,,,,,,,,,,,,,,,,,,,,,,,,,,,,,,,,,,,,,,,,,,,,,,,,,,,,,,,,,,,,,,,,,,,,,,,,,,,,,,,,,,,,,,,,,
161,,,,,,,,,,,,,,,,,,,,,,,,,,,,,,,,,,,,,,,,,,,,,,,,,,,,,,,,,1.0,,,1.0,,,1.0,,,1.0,,,1.0,532.091,323.699,0.3140000104904175,,,1.0,,,1.0,,,1.0,,,1.0,,,1.0,,,1.0,499.079,371.543,0.9380000233650208,541.337,385.951,0.9739999771118164,,,1.0,,,1.0,,,1.0,,,1.0
162,,,,,,,,,,,,,,,,,,,,,,,,,,,,,,,,,,,,,,,,,,,,,,,,,,,,,,,,,,,,,,,,,,,,,,,,,,,,,,,,,,,,,,,,,,,,,,,,,,,,,,,,,,,,
163,,,,,,,,,,,,,,,,,,,,,,,,,,,,,,,,,,,,,,,,,,,,,,,,,,,,,,,,,1.0,,,1.0,,,1.0,,,1.0,,,1.0,,,1.0,,,1.0,,,1.0,,,1.0,,,1.0,,,1.0,,,1.0,498.857,364.234,0.9200000166893005,532.967,387.581,0.9929999709129333,492.139,380.852,0.6029999852180481,,,1.0,,,1.0,,,1.0
164,,,,,,,,,,,,,,,,,,,,,,,,,,,,,,,,,,,,,,,,,,,,,,,,,,,,,,,,,,,,,,,,,,,,,,,,,,,,,,,,,,,,,,,,,,,,,,,,,,,,,,,,,,,,
165,,,,,,,,,,,,,,,,,,,,,,,,,,,,,,,,,,,,,,,,,,,,,,,,,,,,,,,,,,,,,,,,,,,,,,,,,,,,,,,,,,,,,,,,,,,,,,,,,,,,,,,,,,,,
166,,,,,,,,,,,,,,,,,,,,,,,,,,,,,,,,,,,,,,,,,,,,,,,,,,,,,,,,,,,,,,,,,,,,,,,,,,,,,,,,,,,,,,,,,,,,,,,,,,,,,,,,,,,,
167,,,,,,,,,,,,,,,,,,,,,,,,,,,,,,,,,,,,,,,,,,,,,,,,,,,,,,,,,,,,,,,,,,,,,,,,,,,,,,,,,,,,,,,,,,,,,,,,,,,,,,,,,,,,
168,,,,,,,,,,,,,,,,,,,,,,,,,,,,,,,,,,,,,,,,,,,,,,,,,,,,,,,,,,,,,,,,,,,,,,,,,,,,,,,,,,,,,,,,,,,,,,,,,,,,,,,,,,,,
169,,,,,,,,,,,,,,,,,,,,,,,,,,,,,,,,,,,,,,,,,,,,,,,,,,,,,,,,,,,,,,,,,,,,,,,,,,,,,,,,,,,,,,,,,,,,,,,,,,,,,,,,,,,,
170,,,,,,,,,,,,,,,,,,,,,,,,,,,,,,,,,,,,,,,,,,,,,,,,,,,,,,,,,1.0,,,1.0,,,1.0,,,1.0,,,1.0,,,1.0,,,1.0,,,1.0,,,1.0,,,1.0,,,1.0,,,1.0,278.388,236.733,0.9800000190734863,316.291,244.428,0.9919999837875366,,,1.0,316.125,316.394,0.9879999756813049,,,1.0,,,1.0
171,,,,,,,,,,,,,,,,,,,,,,,,,,,,,,,,,,,,,,,,,,,,,,,,,,,,,,,,,1.0,,,1.0,,,1.0,,,1.0,,,1.0,,,1.0,,,1.0,,,1.0,,,1.0,,,1.0,,,1.0,,,1.0,278.438,236.733,0.9800000190734863,316.303,244.289,0.9919999837875366,,,1.0,316.122,316.395,0.9879999756813049,,,1.0,,,1.0
172,,,,,,,,,,,,,,,,,,,,,,,,,,,,,,,,,,,,,,,,,,,,,,,,,,,,,,,,,1.0,,,1.0,,,1.0,,,1.0,,,1.0,,,1.0,,,1.0,,,1.0,,,1.0,,,1.0,,,1.0,,,1.0,283.243,237.038,0.9129999876022339,315.872,245.333,0.9990000128746033,,,1.0,315.92,308.811,0.8790000081062317,,,1.0,,,1.0
173,,,,,,,,,,,,,,,,,,,,,,,,,,,,,,,,,,,,,,,,,,,,,,,,,,,,,,,,,1.0,,,1.0,,,1.0,,,1.0,,,1.0,,,1.0,,,1.0,,,1.0,,,1.0,,,1.0,,,1.0,,,1.0,283.088,242.389,0.9470000267028809,315.854,247.846,0.9990000128746033,,,1.0,315.48,310.192,0.9359999895095825,,,1.0,,,1.0
174,,,,,,,,,,,,,,,,,,,,,,,,,,,,,,,,,,,,,,,,,,,,,,,,,,,,,,,,,1.0,,,1.0,,,1.0,,,1.0,,,1.0,,,1.0,,,1.0,,,1.0,,,1.0,,,1.0,,,1.0,,,1.0,283.189,242.099,0.9660000205039978,315.72,252.514,1.0,,,1.0,315.92,299.917,0.43700000643730164,,,1.0,,,1.0
175,,,,,,,,,,,,,,,,,,,,,,,,,,,,,,,,,,,,,,,,,,,,,,,,,,,,,,,,,1.0,,,1.0,,,1.0,,,1.0,,,1.0,,,1.0,,,1.0,,,1.0,,,1.0,,,1.0,,,1.0,,,1.0,275.402,245.632,0.9729999899864197,320.266,252.743,0.9990000128746033,300.129,300.165,0.4339999854564667,323.492,308.428,0.9639999866485596,,,1.0,324.069,347.422,0.20499999821186066
176,,,,,,,,,,,,,,,,,,,,,,,,,,,,,,,,,,,,,,,,,,,,,,,,,,,,,,,,,1.0,,,1.0,,,1.0,,,1.0,,,1.0,,,1.0,,,1.0,,,1.0,,,1.0,,,1.0,,,1.0,,,1.0,276.346,252.954,0.996999979019165,316.553,260.128,1.0,,,1.0,322.891,316.033,0.9459999799728394,,,1.0,315.987,339.814,0.12999999523162842
177,,,,,,,,,,,,,,,,,,,,,,,,,,,,,,,,,,,,,,,,,,,,,,,,,,,,,,,,,1.0,,,1.0,,,1.0,,,1.0,,,1.0,,,1.0,,,1.0,,,1.0,,,1.0,,,1.0,,,1.0,,,1.0,276.473,252.955,0.996999979019165,316.529,260.209,1.0,,,1.0,322.99,316.058,0.953000009059906,,,1.0,315.984,339.817,0.15600000321865082
178,,,,,,,,,,,,,,,,,,,,,,,,,,,,,,,,,,,,,,,,,,,,,,,,,,,,,,,,,1.0,,,1.0,,,1.0,,,1.0,,,1.0,,,1.0,,,1.0,,,1.0,,,1.0,,,1.0,,,1.0,,,1.0,266.676,252.765,0.9900000095367432,316.223,262.551,0.9990000128746033,300.425,307.83,0.6060000061988831,323.8,316.013,0.23999999463558197,,,1.0,,,1.0
179,,,,,,,,,,,,,,,,,,,,,,,,,,,,,,,,,,,,,,,,,,,,,,,,,,,,,,,,,1.0,,,1.0,,,1.0,,,1.0,,,1.0,,,1.0,,,1.0,,,1.0,,,1.0,,,1.0,,,1.0,,,1.0,266.065,257.767,0.9980000257492065,309.328,262.646,0.9990000128746033,267.882,315.887,0.23100000619888306,,,1.0,,,1.0,,,1.0
180,,,,,,,,,,,,,,,,,,,,,,,,,,,,,,,,,,,,,,,,,,,,,,,,,,,,,,,,,1.0,,,1.0,,,1.0,,,1.0,,,1.0,,,1.0,,,1.0,,,1.0,,,1.0,,,1.0,,,1.0,,,1.0,266.614,261.228,0.9890000224113464,306.165,268.691,1.0,260.092,324.052,0.550000011920929,323.743,315.971,0.4300000071525574,,,1.0,,,1.0
